barcode1,barcode2,template,spacer,start_base,end_base
AGTGCTAAAG,GGCGAATTC,AGTGCTAAAGCGTGACTGGAGTGACGTCATGCTGCAGGCTTGCGACTTATCTCGTGACCAGATGCCCGCATTATACGAAGGCAGCGAAATTACTGGTGCTTTGTTACCTGAAacctaaagcagacaccacctaagaaaacccagacaccacctaagaaacccagacaccacctaagaaacccagacaccacctaagaaacccagacaccaccGTTGCGAAAGCGTGGGGTATGGCGAATTC,CTGGTGCTTTGTTACCTGAA,0,140
AGTGCTAAAG,TGGCCTGAAT,AGTGCTAAAGCGTGACTGGAGTGACGTCATGCTGCAGGCTTGCGACTTATCTCGTGACCAGATGCCCGCATTATACGAAGGCAGCGAAATTACTGGTGCTTTGTTACCTGAAacctaaagcagacaccacctaagaaaacccagacaccacctaagaaacccagacaccacctaagaaacccagacaccacctaagaaacccagacaccaccGTTGCGAAAGCGTGGGGTATGGCCTGAAT,CTGGTGCTTTGTTACCTGAA,0,140
AGTGCTAAAG,TGGCCTTCAG,AGTGCTAAAGCGTGACTGGAGTGACGTCATGCTGCAGGCTTGCGACTTATCTCGTGACCAGATGCCCGCATTATACGAAGGCAGCGAAATTACTGGTGCTTTGTTACCTGAAacctaaagcagacaccacctaagaaaacccagacaccacctaagaaacccagacaccacctaagaaacccagacaccacctaagaaacccagacaccaccGTTGCGAAAGCGTGGGGTATGGCCTTCAG,CTGGTGCTTTGTTACCTGAA,0,140
GTCTAAAAAG,TGGCGAATTC,GTCTAAAAAGCGTGACTGGAGTGACGTCATGCTGCAGGCTTGCGACTTATCTCGTGACCAGATGCCCGCATTATACGAAGGCAGCGAAATTACTGGTGCTTTGTTACCTGAAacctaaagcagacaccacctaagaaaacccagacaccacctaagaaacccagacaccacctaagaaacccagacaccacctaagaaacccagacaccaccGTTGCGAAAGCGTGGGGTATGGCGAATTC,CTGGTGCTTTGTTACCTGAA,0,140
GTCTAAAAAG,TGGCCTGAAT,GTCTAAAAAGCGTGACTGGAGTGACGTCATGCTGCAGGCTTGCGACTTATCTCGTGACCAGATGCCCGCATTATACGAAGGCAGCGAAATTACTGGTGCTTTGTTACCTGAAacctaaagcagacaccacctaagaaaacccagacaccacctaagaaacccagacaccacctaagaaacccagacaccacctaagaaacccagacaccaccGTTGCGAAAGCGTGGGGTATGGCCTGAAT,CTGGTGCTTTGTTACCTGAA,0,140
GTCTAAAAAG,TGGCCTTCAG,GTCTAAAAAGCGTGACTGGAGTGACGTCATGCTGCAGGCTTGCGACTTATCTCGTGACCAGATGCCCGCATTATACGAAGGCAGCGAAATTACTGGTGCTTTGTTACCTGAAacctaaagcagacaccacctaagaaaacccagacaccacctaagaaacccagacaccacctaagaaacccagacaccacctaagaaacccagacaccaccGTTGCGAAAGCGTGGGGTATGGCCTTCAG,CTGGTGCTTTGTTACCTGAA,0,140
ACAGAGAAAG,TGGCGAATTC,ACAGAGAAAGCGTGACTGGAGTGACGTCATGCTGCAGGCTTGCGACTTATCTCGTGACCAGATGCCCGCATTATACGAAGGCAGCGAAATTACTGGTGCTTTGTTACCTGAAacctaaagcagacaccacctaagaaaacccagacaccacctaagaaacccagacaccacctaagaaacccagacaccacctaagaaacccagacaccaccGTTGCGAAAGCGTGGGGTATGGCGAATTC,CTGGTGCTTTGTTACCTGAA,0,140
ACAGAGAAAG,TGGCCTGAAT,ACAGAGAAAGCGTGACTGGAGTGACGTCATGCTGCAGGCTTGCGACTTATCTCGTGACCAGATGCCCGCATTATACGAAGGCAGCGAAATTACTGGTGCTTTGTTACCTGAAacctaaagcagacaccacctaagaaaacccagacaccacctaagaaacccagacaccacctaagaaacccagacaccacctaagaaacccagacaccaccGTTGCGAAAGCGTGGGGTATGGCCTGAAT,CTGGTGCTTTGTTACCTGAA,0,140
ACAGAGAAAG,TGGCCTTCAG,ACAGAGAAAGCGTGACTGGAGTGACGTCATGCTGCAGGCTTGCGACTTATCTCGTGACCAGATGCCCGCATTATACGAAGGCAGCGAAATTACTGGTGCTTTGTTACCTGAAacctaaagcagacaccacctaagaaaacccagacaccacctaagaaacccagacaccacctaagaaacccagacaccacctaagaaacccagacaccaccGTTGCGAAAGCGTGGGGTATGGCCTTCAG,CTGGTGCTTTGTTACCTGAA,0,140
AGACTGAAAG,TGGCGAATTC,AGACTGAAAGCGTGACTGGAGTGACGTCATGCTGCAGGCTTGCGACTTATCTCGTGACCAGATGCCCGCATTATACGAAGGCAGCGAAATTACTGGTGCTTTGTTACCTGAAacctaaagcagacaccacctaagaaaacccagacaccacctaagaaacccagacaccacctaagaaacccagacaccacctaagaaacccagacaccaccGTTGCGAAAGCGTGGGGTATGGCGAATTC,CTGGTGCTTTGTTACCTGAA,0,140
AGACTGAAAG,TGGCCTGAAT,AGACTGAAAGCGTGACTGGAGTGACGTCATGCTGCAGGCTTGCGACTTATCTCGTGACCAGATGCCCGCATTATACGAAGGCAGCGAAATTACTGGTGCTTTGTTACCTGAAacctaaagcagacaccacctaagaaaacccagacaccacctaagaaacccagacaccacctaagaaacccagacaccacctaagaaacccagacaccaccGTTGCGAAAGCGTGGGGTATGGCCTGAAT,CTGGTGCTTTGTTACCTGAA,0,140
AGACTGAAAG,TGGCCTTCAG,AGACTGAAAGCGTGACTGGAGTGACGTCATGCTGCAGGCTTGCGACTTATCTCGTGACCAGATGCCCGCATTATACGAAGGCAGCGAAATTACTGGTGCTTTGTTACCTGAAacctaaagcagacaccacctaagaaaacccagacaccacctaagaaacccagacaccacctaagaaacccagacaccacctaagaaacccagacaccaccGTTGCGAAAGCGTGGGGTATGGCCTTCAG,CTGGTGCTTTGTTACCTGAA,0,140
GAATACAAAG,TGGCGAATTC,GAATACAAAGCGTGACTGGAGTGACGTCATGCTGCAGGCTTGCGACTTATCTCGTGACCAGATGCCCGCATTATACGAAGGCAGCGAAATTACTGGTGCTTTGTTACCTGAAacctaaagcagacaccacctaagaaaacccagacaccacctaagaaacccagacaccacctaagaaacccagacaccacctaagaaacccagacaccaccGTTGCGAAAGCGTGGGGTATGGCGAATTC,CTGGTGCTTTGTTACCTGAA,0,140
GAATACAAAG,TGGCCTGAAT,GAATACAAAGCGTGACTGGAGTGACGTCATGCTGCAGGCTTGCGACTTATCTCGTGACCAGATGCCCGCATTATACGAAGGCAGCGAAATTACTGGTGCTTTGTTACCTGAAacctaaagcagacaccacctaagaaaacccagacaccacctaagaaacccagacaccacctaagaaacccagacaccacctaagaaacccagacaccaccGTTGCGAAAGCGTGGGGTATGGCCTGAAT,CTGGTGCTTTGTTACCTGAA,0,140
GAATACAAAG,TGGCCTTCAG,GAATACAAAGCGTGACTGGAGTGACGTCATGCTGCAGGCTTGCGACTTATCTCGTGACCAGATGCCCGCATTATACGAAGGCAGCGAAATTACTGGTGCTTTGTTACCTGAAacctaaagcagacaccacctaagaaaacccagacaccacctaagaaacccagacaccacctaagaaacccagacaccacctaagaaacccagacaccaccGTTGCGAAAGCGTGGGGTATGGCCTTCAG,CTGGTGCTTTGTTACCTGAA,0,140
GTAAGGAAAG,TGGCGAATTC,GTAAGGAAAGCGTGACTGGAGTGACGTCATGCTGCAGGCTTGCGACTTATCTCGTGACCAGATGCCCGCATTATACGAAGGCAGCGAAATTACTGGTGCTTTGTTACCTGAAacctaaagcagacaccacctaagaaaacccagacaccacctaagaaacccagacaccacctaagaaacccagacaccacctaagaaacccagacaccaccGTTGCGAAAGCGTGGGGTATGGCGAATTC,CTGGTGCTTTGTTACCTGAA,0,140
GTAAGGAAAG,TGGCCTGAAT,GTAAGGAAAGCGTGACTGGAGTGACGTCATGCTGCAGGCTTGCGACTTATCTCGTGACCAGATGCCCGCATTATACGAAGGCAGCGAAATTACTGGTGCTTTGTTACCTGAAacctaaagcagacaccacctaagaaaacccagacaccacctaagaaacccagacaccacctaagaaacccagacaccacctaagaaacccagacaccaccGTTGCGAAAGCGTGGGGTATGGCCTGAAT,CTGGTGCTTTGTTACCTGAA,0,140
GTAAGGAAAG,TGGCCTTCAG,GTAAGGAAAGCGTGACTGGAGTGACGTCATGCTGCAGGCTTGCGACTTATCTCGTGACCAGATGCCCGCATTATACGAAGGCAGCGAAATTACTGGTGCTTTGTTACCTGAAacctaaagcagacaccacctaagaaaacccagacaccacctaagaaacccagacaccacctaagaaacccagacaccacctaagaaacccagacaccaccGTTGCGAAAGCGTGGGGTATGGCCTTCAG,CTGGTGCTTTGTTACCTGAA,0,140
